{"branches": 76.34907251264755, "coverage": 77.44624703871412}