{"branches": 78.2532751091703, "coverage": 80.21130782410052}