{"branches": 78.78369039391845, "coverage": 79.89755733443154}